id,file,kind,sha256,bytes,width,height,verified
SUPPLEMENT,45E0AD8A-8F23-4708-A058-DCD13EA16193.jpeg,original_jpeg,c243dfc63522cfafc6c9c576eef26cd55ebc4240062a956aa3df5401b2d02c5f,629758,1536,1024,PASS
SUPPLEMENT,730CD809-F941-4CAF-8405-985BC01CB852.jpeg,original_jpeg,210dcdcae877d0c618786643948853ea2d5be1d6b7780f673a9de7e9a9d2152a,690303,1536,1024,PASS
SUPPLEMENT,A4EF1DCE-A0EA-4AEB-A647-27A9EF89C62E.jpeg,original_jpeg,9a2fa44f799c8211ffa91e6fb256ab05270eac7b7b5696a873e66292f8138203,685840,1536,1024,PASS
SUPPLEMENT,B34D6AD1-97D9-4DB8-AAFE-E4A5AC73E3F6.jpeg,original_jpeg,63368ba6e0efb755da6967130ba5933b18792a5d0559553e76bd72361e6c4d0c,602715,1536,1024,PASS
SUPPLEMENT,E0EC3DA0-9A79-47D0-83B8-DC3936651EF6.jpeg,original_jpeg,c29e7aa738314d64a972237d28b46a201c66715f2880bc9ae5d2d4fc22c83cab,678965,1536,1024,PASS
SUPPLEMENT,E8BA3952-8DDD-46C9-91B0-06F3116B94B4.jpeg,original_jpeg,56473a1bdf43c6a5a471eee642244dd30197408cf4f4a593954c4550cf6b7a3c,661652,1536,1024,PASS
SUPPLEMENT,EAD8AE44-45C2-4FA2-8FA3-3732456EB9AC.jpeg,original_jpeg,1d093ef089bf84ec52656724430e4f17e5d9a8f58f2e8e6fa1b3e656ff4c7591,539968,1448,1086,PASS
SRC-03,ED0FF5A1-F9DC-4ADB-8D9E-8B951841297B.jpeg,original_jpeg,0bf3d6f78fc0933a322835022bb09e59888c05191415f252e34e21f14cfd1a8f,821473,1536,1024,PASS
SUPPLEMENT,F5C24538-F2AE-4293-84FC-B40E7A3F2754.jpeg,original_jpeg,5d30df94d2e9c5e328405f4de2a889e5c4f803215b1f1414ed3fca811dec8a89,674150,1536,1024,PASS
S01,S01_Chapter_Overview.png,crop_png,fbd23b0b19cd7a48d133d0602d2a8a7b625a84baf3d70472cd0726fa4cebccda,335367,389,473,PASS
S02,S02_Lesson_Detail.png,crop_png,5b9ad72e31a0e3b26073a21ec59efa73911ec5b4e8becb70e78e3f0dd763fb4f,251068,362,473,PASS
S03,S03_Quick_Review.png,crop_png,73cda304cd476c0a78ca883f1baf4cb02df41d3d5436b181aaf1226b2f7dd488,221279,315,473,PASS
S04,S04_Daily_Challenge.png,crop_png,129849a68424d4d81b131a2dc09b7be05b84104239224b38608a40d6dac49b6a,175113,236,473,PASS
S05,S05_Unit_Complete.png,crop_png,099f44c268a50e10d07cf625d12090deb63fb73788759653e6d3ad52a246b242,183657,224,473,PASS
S06,S06_My_Words.png,crop_png,995bb511ffb98a24c73297b0451e63c71b12ac52579e5f1b5c3584c064ee3d93,198065,414,367,PASS
S07,S07_Achievements.png,crop_png,4fc76c354dc15fe64b4d3128fb301ffd6b32e5f4abfd8cc28bf30a028d9fb414,167790,339,367,PASS
S08,S08_My_Stuff.png,crop_png,ad0b16ff8465d17931fa894ee62e6e648b54df226baaea2dd11457814ad92081,230305,412,367,PASS
S09,S09_Onboarding.png,crop_png,20d676214934d8ed266faa25b1c6a86550d8ae143715f303496d415efcae58ca,213136,362,367,PASS
S10,S10_Learning_Guard.png,crop_png,0852b2d14078177dc29487f8a76fa2ca3b93b54598bfdcb21351bacf5151c3d1,103262,409,173,PASS
S11,S11_Offline_Download.png,crop_png,20f06c49cf46cf12af753eec315ffee48e4ecf06cb7fea1afc62ce5cce38b8f8,83190,361,173,PASS
S12,S12_Progress_Map.png,crop_png,d0e28308fe3a3c191499b527a3641bba3fa6bca6c9dbf20fa5fdda36f5350ea0,192106,541,173,PASS
S13,S13_Settings.png,crop_png,cba88ae350df0604a10bfa7cbeb4d1c19de783aa80662aa0db7cab469fa6bc60,42464,216,173,PASS
