screen_id,screen_name,app_area,source_id,source_original_filename,panel_index,crop_filename,crop_left,crop_top,crop_right,crop_bottom,reference_role,crop_storage_status,github_image_status
"S01","Chapter Overview","CHILD_APP","SRC-03","ED0FF5A1-F9DC-4ADB-8D9E-8B951841297B.jpeg","1","S01_Chapter_Overview.png","0","0","389","473","CANONICAL_COMPOSITE","CROP_IN_CONVERSATION_ZIP","NOT_IN_GITHUB"
"S02","Lesson Detail","CHILD_APP","SRC-03","ED0FF5A1-F9DC-4ADB-8D9E-8B951841297B.jpeg","2","S02_Lesson_Detail.png","391","0","753","473","CANONICAL_COMPOSITE","CROP_IN_CONVERSATION_ZIP","NOT_IN_GITHUB"
"S03","Quick Review","CHILD_APP","SRC-03","ED0FF5A1-F9DC-4ADB-8D9E-8B951841297B.jpeg","3","S03_Quick_Review.png","756","0","1071","473","CANONICAL_COMPOSITE","CROP_IN_CONVERSATION_ZIP","NOT_IN_GITHUB"
"S04","Daily Challenge","CHILD_APP","SRC-03","ED0FF5A1-F9DC-4ADB-8D9E-8B951841297B.jpeg","4","S04_Daily_Challenge.png","1073","0","1309","473","CANONICAL_COMPOSITE","CROP_IN_CONVERSATION_ZIP","NOT_IN_GITHUB"
"S05","Unit Complete","CHILD_APP","SRC-03","ED0FF5A1-F9DC-4ADB-8D9E-8B951841297B.jpeg","5","S05_Unit_Complete.png","1312","0","1536","473","CANONICAL_COMPOSITE","CROP_IN_CONVERSATION_ZIP","NOT_IN_GITHUB"
"S06","My Words","CHILD_APP","SRC-03","ED0FF5A1-F9DC-4ADB-8D9E-8B951841297B.jpeg","6","S06_My_Words.png","0","478","414","845","CANONICAL_COMPOSITE","CROP_IN_CONVERSATION_ZIP","NOT_IN_GITHUB"
"S07","Achievements","CHILD_APP","SRC-03","ED0FF5A1-F9DC-4ADB-8D9E-8B951841297B.jpeg","7","S07_Achievements.png","417","478","756","845","CANONICAL_COMPOSITE","CROP_IN_CONVERSATION_ZIP","NOT_IN_GITHUB"
"S08","My Stuff","CHILD_APP","SRC-03","ED0FF5A1-F9DC-4ADB-8D9E-8B951841297B.jpeg","8","S08_My_Stuff.png","759","478","1171","845","CANONICAL_COMPOSITE","CROP_IN_CONVERSATION_ZIP","NOT_IN_GITHUB"
"S09","Onboarding","CHILD_APP","SRC-03","ED0FF5A1-F9DC-4ADB-8D9E-8B951841297B.jpeg","9","S09_Onboarding.png","1174","478","1536","845","CANONICAL_COMPOSITE","CROP_IN_CONVERSATION_ZIP","NOT_IN_GITHUB"
"S10","Learning Guard","CHILD_APP","SRC-03","ED0FF5A1-F9DC-4ADB-8D9E-8B951841297B.jpeg","10","S10_Learning_Guard.png","0","851","409","1024","CANONICAL_COMPOSITE","CROP_IN_CONVERSATION_ZIP","NOT_IN_GITHUB"
"S11","Offline Download","CHILD_APP","SRC-03","ED0FF5A1-F9DC-4ADB-8D9E-8B951841297B.jpeg","11","S11_Offline_Download.png","412","851","773","1024","CANONICAL_COMPOSITE","CROP_IN_CONVERSATION_ZIP","NOT_IN_GITHUB"
"S12","Progress Map","CHILD_APP","SRC-03","ED0FF5A1-F9DC-4ADB-8D9E-8B951841297B.jpeg","12","S12_Progress_Map.png","776","851","1317","1024","CANONICAL_COMPOSITE","CROP_IN_CONVERSATION_ZIP","NOT_IN_GITHUB"
"S13","Settings","CHILD_APP","SRC-03","ED0FF5A1-F9DC-4ADB-8D9E-8B951841297B.jpeg","13","S13_Settings.png","1320","851","1536","1024","CANONICAL_COMPOSITE","CROP_IN_CONVERSATION_ZIP","NOT_IN_GITHUB"
